{
  "name": "LogisticRegression",
  "numSteps": 50000,
  "learningRate": 0.0005,
  "numberClasses": 2,
  "classifiers": [
    {
      "numSteps": 50000,
      "learningRate": 0.0005,
      "weights": [
        [
          -3.0938540346591656,
          8.836491120313779,
          -1.687668698126548,
          -5.8124817720078354,
          54.88610098371032,
          272.51667289232336,
          125.1763770074299,
          62.16697295878827,
          90.2402614416643,
          -129.26763320199817,
          -172.80122940446927,
          -124.93628057736322,
          57.585656526069
        ]
      ]
    },
    {
      "numSteps": 50000,
      "learningRate": 0.0005,
      "weights": [
        [
          1.6733645295348265,
          -8.847882721763629,
          2.0568075069255505,
          5.81169454487701,
          -54.71986281552126,
          -272.345707278944,
          -124.78291881933879,
          -61.818314089608286,
          -90.04405809027618,
          129.0621586662275,
          172.43909191609566,
          125.21828640084867,
          -57.616116236010946
        ]
      ]
    }
  ]
}